{"success":true,"code":"SUCCESS","data":{"from":1680287400000,"to":1687890600000,"transactionData":[{"name":"Merchant payments","paymentInstruments":[{"type":"TOTAL","count":1289778683,"amount":5.67713506184E11}]},{"name":"Peer-to-peer payments","paymentInstruments":[{"type":"TOTAL","count":620475611,"amount":1.923752701888E12}]},{"name":"Recharge & bill payments","paymentInstruments":[{"type":"TOTAL","count":151613474,"amount":1.12846643294E11}]},{"name":"Financial Services","paymentInstruments":[{"type":"TOTAL","count":697164,"amount":8.2106169E8}]},{"name":"Others","paymentInstruments":[{"type":"TOTAL","count":1152916,"amount":8.70693412E8}]}]},"responseTimestamp":1692619226026}